AA;Anti-alias
AAC;Advanced Audio Coding
AAM;autmoatic acoustic management
AAS;Auto Area Segmentation
AAS;as a service
ABC;Atanasoff-Berry Computer
ABIOS;Advanced BIOS
ABP;AdBlock Plus
AC;alternating current
ACCT;account
ACE;access control entry
Ack;acknowledgment
ACL;access control list
ACM;Association for Computing Machinery
ACPI;Advanced Configuration and Power Interface
ACR;annual compliance report
ACR;actual cell rate
ACR;attenuation crosstalk ratio
ACR;absolute cell reference
ACS;access control system
AD;Active Directory
ADB;Apple Desktop Bus
ADB;Android Debug Bridge
ADC;analog-to-digital
ADO;ActiveX Data Object
ADPCM;adaptive delta pulse code modulation
ADSI;analog display service interface
ADSI;Active Directory Service Interface
ADSL;asymmetric digital subscriber line
ADSM;ADSTAR Distributed Storage Management
AE;automatic exposure
AE;After Effects
AE lock;auto exposure lock
AES;Advanced Encryption Standard
AF;Autofocus
AGP;accelerated graphics port
AHCI;Advanced Host Controller Interface
AI;artificial intelligence
AIM;Apple, IBM and Motorola
AIM;AOL Instant Messenger
AIML;Artificial Intelligent Markup Language
AIMM;AGP in-line memory module
AIO;All-in-One
AIX;advanced interactive executive
AJAX;Asynchronous JavaScript and XML
ALGOL;algorithmic language
Alpha;alphabet
ALU;arithmetic logic unit
AM;amplitude modulation
AM;ante meridiem
AMOLED;active-matrix organic light-emitting diode
Amp;ampere
ANI;Automatic Number Identification
ANSI;American National Standards Institute
AOP;auto operator
AOP;aspect-oriented programming
AOSP;Android Open Source Project
API;application programming interface
APIC;Advanced Programmable Interrupt Controller
APIPA;Automatic Private Internet Protocol Addressing
APK;Android package file
APM;advanced power management
App;application
APT;advanced persistent threat
APT;advanced packaging tool
APU;advanced processing unit
APU;accelerated processing unit
AR;augmented reality
ARCnet;Attached Resource Computer network
A record;address record
Arg;argument
ARP;Address Resolution Protocol
ARPA;address and routing parameter area
ARPA;Advanced Research Projects Agency
ARPANET;Advanced Research Projects Agency Network
ARQ;automatic repeat request
AS;autonomous system
AS/400;Application System/400
ASCII;American Standard Code for Information Interchange
ASME;American Society of Mechanical Engineers
ASMR;autonomous sensory meridian response
ASN;autonomous system number
ASN.1;abstract syntax number one
ASP;answer set programming
ASP;authorized service provider
ASP;application service provider
ASP;Active Server Pages
ASPI;advanced SCSI programming interface
ASR;automatic speech recognition
ASR;automated system recovery 
AT;advanced technology
ATA;Advanced Technology Attachment
ATAPI;AT Attachment Packet Interface
ATC;advanced transfer cache
ATM;automated teller machine
ATM;at the moment
ATM;ascynchronous transfer mode
ATRAC;Adaptive Transform Acoustic Coding
ATX;Advanced Technology eXtended
AU;arithmetic unit
AUI;Attachment Unit Interface
AUP;acceptable use policy
Auto;automobile
Auto;autonomous
Auto;automatic
AV;avatar
AV;aperture value
AV;antivirus
AVC;Advanced Video Coding
AVI;Audio Video Interleaved
AVR;automatic voice response
AVR;automatic voice recognition
AVR;automatic voltage regulator
AWS;Amazon Web Services
B2B;business-to-business
B2B;business-to-consumer
Basic;Beginners All-purpose Symbolic Instruction Code
BAT;Baby AT
BB;broadband
BBS;bulletin board system
BBS;BIOS boot specification
BC;before Christ
BCC;blind carbon copy
BCD;binary-coded decimal
BCP;best current practices
BCPL;Basic Combined Programming Language
BD;Blu-ray disc
BDC;backup domain controller
BDF;Glyph Bitmap Distribution Format
BDI;bidirectional isolation
BDO;bidirectional override
BEDO DRAM;Burst EDO DRAM
BER;beyond economical repair
BER;bit error rate
BERT;bit error rate test
BERT;bit error rate tester
BF;Battlefield
BG;battleground
BG;bad game
BG;background
BGA;ball grid array
BGMP;Border Gateway Multicast Protocol
BGP;Border Gateway Protocol
BHO;Browser Helper Object
Bi-di;bidirectional
BIND;Berkeley Internet Name Domain
BIO;biography
BIOS;basic input/output system
BISYNC;BinarySynchronous Communications
Bit;binary digit
BITNET;because it's time network
BIU;bold, italic, underline
BNC;Bayonet Neill-Concelman
BO;back orifice
BOFH;Bastard Operator From Hell
BOINC;Berkeley Open Infrastructure for Network Computing
BOM;beginning of medium
BOM;beginning of message
BOM;bill of materials
BOM;byte order mark
Bool;Boolean
BPB;BIOS pattern block
BPDU;Bridge Protocol Data Unit
BPL;broadband-over-powerline
bps;bits per second
Bps;bytes per second
BPSK;biphase shift keying
Br;Break key
BRI;basic rate interface
Brouter;bridge router
BSB;back-side bus
BSC;Binary Synchronous Communications
BSoD;Blue Screen of Death
BSoD;Black Screen of Death
BSS;basic service set
BTC;Behavior Tech Computers
BTC;bitcoin
BTX;Balanced Technology eXtended
C;Celsius
C2;Core 2
CA;certificate authority
Cab;Cabinet file
CAD;computer-aided design
CAP;Competitive Access Provider
CAPS;CapsLock
CAPSLK;CapsLock
CAPTCHA;Completely Automated Public Turing test to tell Computers and Humans Apart
CAS;column access strobe
CAS;column address select
CASC;Certificate Authority Security Council
CAT;Central Africa Time
CATV;Community Access Television
CATV;Cable TV 
CBL;calculator based labs
CBT;computer-based training
CC;Cursor control
CC;Creative Commons
CC;C compiler
CC;carbon copy
CCC;Catalyst Control Center
CCD;charge-coupled device
CCDE;Cisco Certified Design Expert
CCFL;cold cathode fluorescent lighting
CCIE;Cisco Certified Internetworking Expert
CCITT;Comit Consultatif International Telephonique et Telegraphique
CCNA;Cisco Certified Network Associate
CCNP;Cisco Certified Network Professional
CCS;common command set
CCS;call-control signaling 
CCTV;closed circuit television
CCW;counterclockwise
CD;compact disc
CD;change directory
CDA;compact audio disc
CDA;Communication Decency Act
CDDA;compact disc digital audio
CDDB;compact disc database
CDDI;Copper Distributed Data Interface
CDE;Common Desktop Environment
CDfs;Compact Disc file system
CD-i;Compact Disc Interactive
CDMA;Code Division Multiple Access
CDN;content distribution network
CDN;content delivery network
CDP;Cache Discovery Protocol
CDP;Certificate in Data Processing
CDP;Columbia Data Products
CDP;content delivery platform
CDP;content discovery platform, 
CDP;continuous data protection
CD-PROM;Compact Disc-Programmable ROM
CD-R;Compact Disc Recordable
CDRFS;CD-R file system
CD-ROM;Compact Disc Read-Only Memory
CD-ROM XA;CD-ROM extended architecture
CD-RW;Compact Disc Re-Writable
CDSL;Consumer DSL
CD-WO;Compact Disc Write Once
CE;cancel entry
CE;consumer edition
CE;compact edition
CE;collector's edition
Cell phone;cellular telephone
CentOS;Community Enterprise Operating System
CEO;chief executive officer
CERN;Conseil Europeen pour la Recherche Nuclaire
CERT;certified
CERT;Computer Emergency Response Team
Cert;certification
Cert;certified
Cert;certificate
CES;Consumer Electronics Show
CF;CompactFlash
CFPM;cubic feet per minute
CGA;Color Graphics Adapter
CGI;computer-generated imagery
CGI;common gateway interface
CH;Computer Hope
CHAP;Challenge-Handshake Authentication Protocol
Char;character
chdir;change directory
CHS;cylinder-head-sector
cHTML;compact HTML
CIDR;classless inter-domain routing
CIFS;common Internet file system
CIM;common information model
CIR;committed information rate
CISC;complex instruction set computer
CISSP;certified information systems security professional
CLCC;ceramic leadless lead carrier
CLI;command-line interface
CLNS;connectionless network service
CLOS;Common Lisp object system
CLR;common language runtime
CLSID;class ID
CLUT;color lookup table
CMA;Computer Misuse Act
CMC;computer-mediated communication
CMOS;complementary metal-oxide semiconductor
CMS;content management system
CMYK;cyan magenta yellow black
CNCT;Certified Network Computer Technician
CNE;Certified Novell Engineer
CNR;Communication and Network Riser
CNST;Certified Network Systems Technician
CO;central office
COA;Certificate of Authenticity
COAST;Cache On A STick
COB;chip on board
COB;close of business
COBOL;Common Business Oriented Language
Code;source code
Codec;Compression / Decompression
Codec;COmpression / DECompression
Coil;electromagnetic coil
COLA;comp.os.linux.announce
COM;Computer Output Microfilm
COM;Component Object Model
COMDEX;Computer Dealers' Exhibition
CompTIA;Computer Technology Industry Association
Con;conference
Con;confidence
Con;console
COPPA;Children's Online Privacy Protection Act
COPPA;California Online Privacy Protection Act
Core;core dump
CPA;cost per acquisition
CPA;cost per action
CPAN;comprehensive Perl archive network
CPC;cost per click
CPGA;ceramic pin grid array
CPI;characters per inch
CPL;Combined Programming Language
CPM;cost per mile
CPM;cost per thousand
CPS;characters per second
CPTM;cost per targeted thousand
CPU;central processing unit
CR;carriage return
CRC;cyclic redundancy check
CREN;Corporation for Research and Educational Networking
C-RIMM;continuity RIMM
CRL;Certificate Revocation List
CR/LF;carriage return/line feed
CRM;customer relationship management
CRT;cathode ray tube
Crypto;cryptography
CS;customer service
CS;computer science
CS;cable select
CS;code segment
CSMA/CD;carrier sense multiple access/collision detection
CSNET;Computer Science Network
CSS;Cascading Style Sheets
CSS;chirp spread spectrum
CSS;Content Scramble System
CSS;cascading style sheets
CST;Computer Service Technician
CSU/DSU;Channel Service Unit/Data Service Unit
CSV;comma-separated values
CTA;call to action
CTCP;client-to-client protocol
CTD;crash to desktop
CTF;Capture the Flag
CTO;chief technical officer
CTO;chief technology officer
CTR;click-through rate
Ctrl;Control key
CTS;Clear to Send
CTTY;change teletype
CU;control unit
CUI;command-line user interface
CUI;character user interface
CUPS;Common Unix Printing System
Curmbox;Current Mailbox
CUT;Coordinated Universal Time
CVE;Common Vulnerabilities and Exposures
CVS;Concurrent Version System
CWIS;Campus Wide Information System
D;depth
D2D;disk-to-disk
DAC;discretionary access control
DAC;digital-to-analog converter
DACL;discretionary access control list
DAE;digital audio extraction
DARPA;Defense Advanced Research Projects Agency
DART;Data Access in Real Time
DART;Dynamic Analysis and Replanning Tool
DART;Microsoft Diagnostics and Recovery Toolset
DASD;direct access storage device
DASP;Disk Anti-Shock Protection
DASP;Drive Active Slave Present
DASP;Dynamic Adaptive Speculative Pre-Processor
DAT;Digital Audio Tape
DAW;digital audio workstation
DB;database
DBA;database analyst
DBA;decibels adjust
DBA;database administrator
DBAN;Darik's Boot and Nuke
DBMS;database management system
DC;domain controller
DC;data center
DC;disconnect
DC;direct current
DCC;Direct Client-to-Client
DCE;data circuit-terminating equipment
DCE;data communication equipment
DCE;Desktop Composting Engine
DCE;distributed computing environment
DCIM;digital camera images
DCOM;Distributed Component Object Model
DD;double density
DDBMS;distributed database management system
DDE;Dynamic Data Exchange
DDK;driver development kit
DDL;data definition language
DDNS;dynamic DNS
DDO;disk drive overlay
DDoS;Distributed Denial of Service
DDP;Datagram Delivery Protocol
DDR;dial-on-demand routing
DDR;double data rate
DDR2;double data rate two
DDR3;double data rate three
DDR4;double data rate four
DDR SDRAM;double data rate synchronous dynamic random access memory
DDS;Digital Data Storage
DEA;Data Encryption Algorithm
DEC;Digital Equipment Corporation
DES;Data Encryption Standard
DFMC;direct methanol fuel cell
DHCP;Dynamic Host Configuration Protocol
DHTML;dynamic Hypertext Markup Language
DID;direct inward dialing
DIF;Directory Interchange Format
DIME;direct Internet message encapsulation
DIMM;dual in-line memory module
DIP;dual in-line package
DIVX;digital video express
DIX;Digitial, Intel, and Xerox
DL;download
D/L;download
DLA;drive letter access
DLC;downloadable content
DLC;digital loop carrier
DLC;Data Link Control
DLL;dynamic-link library
DLNA;Digital Living Network Alliance
DLP;Digital Light Processing
DLP;discrete logarithm problem
DLP;data level parallelism
DLP;data loss prevention
DLT;digital linear tape
DM;Device Manager
DM;direct message
DMA;direct memory access
DMAC;Direct Memory Access Control
DMAR;destination memory address register
DMCA;Digital Millennium Copyright Act
DMI;Desktop Management Interface
DML;data manipulation language
DMTF;Distributed Management Task Force
DMZ;demilitarized zone
DNS;Domain Name System
DOA;dead on arrival
DoCoMo;Do Communications Over Mobile
DOD;Department of Defense
DoS;denial of service
DOS;disk operating system
DoT;damage over time
Double;Double-precision floating-point
DP;DisplayPort
DPI;dots per inch
Dpkg;Debian package manager
DPMI;DOS Protected Mode Interface
DPMS;display power management system
DPS;damage per second
DRAM;dynamic random access memory
DRM;digital rights management
Drop;malware dropper
DRQ;data request
DS;drive select
DSAP;Destination Service Access Point
DSL;Damn Small Linux
DSL;digital subscriber line
DSO;data source object
DSP;drive secondary present
DSP;digital signal processor
DSR;Dynamic Source Routing
DSR;Dell System Restore
DSS;Digital Signature Standard
DSS;Digital Satellite Service
DSVD;Digital Simultaneous Voice and Data
DTE;data terminating equipment
DTE;data terminal equipment
DTR;Data Terminal Ready
DTS;data transformation services
DTS;Digital Theater Sound
DTS;digital thermal sensor
DTX;discontinuous transmission
DUN;Dial-Up Networking
DUT;device under test
DVD;digital versatile disc
DVI;digital visual interface
DVMT;Dynamic Video Memory Technology
DVR;Digital Video Recorder
Dword;double word
DxDiag;DirectX diagnostics
E-911;Enhanced 911
EA;Electronic Arts
EAI;enterprise application integration
EAP;Extensible Authentication Protocol
EAP-FAST;Flexible Authentication via Secure Tunneling
EAPROM;Electronically Alterable Programmable Read-Only Memory
Eb / EB;Exabit / Exabyte
EBCDIC;Extended Binary Coded Decimal Interchange Code
E-book;electronic book
ECC;error-correcting code
ECDSA;Elliptic Curve Digital Signature Algorithm
ECHS;extended cylinder-head-sector
ECMA;European Computer Manufacturers Association
ECP;Extended Capabilities Port
EDA;electronic design automation
EDI;electronic data interchange
EDIINT;electronic data interchange-Internet integration
EDO;Extended Data Out
EDP;electronic data processing
EDSAC;Electronic Delay Storage Automatic Calculator
EDVAC;Electronic Discrete Variable Automatic Computer
EEPROM;electrically erasable programmable read-only memory
EFI;Extensible Firmware Interface
EFS;Encrypting File System
EGA;Enhanced Graphics Adapter
eGPU;external graphics processing unit
EHCI;enhanced host controller interface
EIA;Electronic Industries Alliance
EIDE;enhanced integrated drive electronics
EIGRP;Enhanced Interior Gateway Routing Protocol
EISA;Extended Industry Standard Architecture
EISA;Extended ISA
EIST;enhanced Intel SpeedStep technology
ELD;electroluminescent display
E-learning;electronic learning
ELF;extremely low frequency
EM;emphasized
E-mail;electronic mail
EMF;enhanced metafile
EMF;electromotive force
EMI;electromagnetic interference
EMM;expanded-memory manager
EMS;expanded memory specification
EMS;emergency management services 
ENIAC;Electronic Numerical Integrator and Calculator
EOF;end-of-file
EOL;End-of-Line
EOM;end-of-message
EOP;end-of-page
EOT;end of topic
EOT;End-of-Transmission
EOW;end of week
EPD;electronic paper display
EPIC;Electronic Privacy Information Center
EPP;Enhanced Parallel Port
EPROM;Erasable Programmable Read-Only Memory
EPS;encapsulated PostScript
ePUB;electronic publication
EQ;equalizer
EQ;equals
ESA;Entertainment Software Association
ESCD;Extended System Configuration Data
ESD;electrostatic discharge
ESDI;Enhanced Small Disk Interface
ESI;Enhanced Serial Interface
ESP;e-mail server provider
ESRB;Entertainment Software Rating Board
ETA;estimated time of arrival
ETA-I;Electronic Technicians Association International
ETX;End-of-Text
EULA;End-User License Agreement
Eval;evaluate
EVD;enhanced versatile disc
EV-DO;Evolution-Data Only
EV-DO;Evolution-Data Optimized
EVP;enhanced virus protection
exFAT;Extended File Allocation Table
F;fahrenheit
FAD;functioning as designed
Famicom;family computer
FAQ;frequently asked questions
FAST;Flexible Authentication via Secure Tunneling
FAT;file allocation table
FAU;file allocation unit
Fav;favorite
FB;facebook
FCC;Federal Communications Commission
FCIP;Fibre Channel over IP
FC-PGA;flip-chip pin grid array
FD;floppy drive
FDC;Floppy Disk Controller
FDD;floppy disk drive
FDDI;Fiber Distributed Data Interface
FDHP;Full Duplex Handshaking Protocol
Feat;feature
FF;fast forward
FF;form feed
FF;Firefox
FFA;free for all
FFS;freefall sensor
FHD;Full High Definition
FIF;fractal image format
FIFO;first in, first out
FiOS;Fiber Optic Service
FIPS;Federal Information Processing Standards
Fixed;fixed-point
FLAC;Free Lossless Audio Codec
Flash;Adobe Flash
Float;floating-point
FLOPS;Floating-Point Operation Per Second
FM;frequency modulation
FMV;full motion video
Fn;function
FNEA;full name and e-mail address
FNR;format and restore
FOIA;Freedom of Information Act
FOIRL;fiber-optic inter-repeater links
FORTRAN;Formula Translation
FOSS;free and open-source software
FP;FrontPage
FP;fast page
FPGA;field-programmable gate array
FPM;fast page mode
FPROM;field programmable read-only memory
FPS;frames per second
FPU;floating-point unit
FQDN;fully qualified domain name
FR;Frame Relay
FRAM;Ferroelectric RAM
FRU;field-replacable unit
FS;file system
FSB;front-side bus
Fsck;file system check
FSO;free-space optical communication
FSP;File Sharing Protocol
Fstab;file systems table
FSTN;film supertwist nematic
Fstype;file system type
FTAM;file transfer, access and management
FTC;Federal Trade Commission
FTP;File Transfer Protocol
FWH;Firmware Hub
FYI;for your information
G+;Google Plus
G2G;government to government
GA;general availabililty
GaAs;Gallium Arsenide
Gb / GB;gigabit / gigabyte
GBIC;gigabit interface converter
Gbps;Gigabits per second
GCC;GNU Compiler Collection
GCHQ;Government Communications Headquarters
GCR;group code recording
GDDR;graphics double data rate
GDI;Graphics Device Interface
GDPR;General Data Protection Regulation
GE;General Electric
GEM;Graphics Environment Manager
GF;GeForce
GFM;GitHub Flavored Markdown
GHz;Gigahertz
Gib / GiB;gibibit / gibibyte
GIGO;garbage in, garbage out
GIMP;GNU image manipulation program
GIMPS;great Internet mersenne prime search
GIS;Geographic Information System
GKS;Graphical Kernel System
GM;gold master
GM;game masters
Gmail;Google Mail
GNU;GNU's Not Unix
GPF;general protection fault
GPG;GNU Privacy Guard
GPL;general public license
GPO;Group Policy Object
GPPM;graphic pages per minute
GPRS;General Packet Radio Service
GPS;Global Positioning System
GPT;GUID partition table
GPU;graphics processing unit
Gravatar;globally recognized avatar
GRUB;GRand Unified Bootloader
GSM;Global System for Mobile communication
GT;Greenwich Mean Time
GTK;GIMP toolkit
GUI;graphical user interface
GUID;globally unique identifier
GWAM;gross words a minute
Gzip;GNU zip
H;height
HACMP;high availability cluster multiprocessing
HAL;hardware abstraction layer
HAN;home area network
HBA;host bus adapter
HCI;human computer interface
HCL;hardware compatibility list
HD;high-definition
HD;high-density
HD;hard drive
HDC;hard disk controller
HDCP;High-bandwidth Digital Content Protection
HDD;hard disk drive
HD DVD;High Definition Digital Versatile Disc
HDLC;High-level Data Link Control
HDMI;High-Definition Multimedia Interface
HDML;handheld device markup language
HD-ROM;high-density read-only memory
HDSL;high-bit-rate digital subscriber line
HDTV;high-definition TV
HEIF;High Efficiency Image File format
HES;hypertext editing system
HEVC;high efficiency video coding
HFC;hybrid fiber coax
HFS;hierarchical file system
HGA;Hercules graphics adapter
HID;human interface device
Hiew;hacker's view
Hi-res;high resolution
HIT;human intelligence task
HLL;high-level language
HMA;high-memory area
HOP;half OP
HoT;Heal over Time
HP;Hewlett-Packard
HPA;high-performance addressing
HPD;hybrid passive display
HPFS;high-performance file system
HPGL;Hewlett Packard Graphic Language
HP-UX;Hewlett Packard UniX
HQ;high-quality
HR;Human Resources
HREF;Hypertext reference
HSB;Hue, Saturation, and Brightness
HSF;heat sink and fan
HSL;Hue, Saturation, and Lightness
HSSI;High-Speed Serial Interface
HSYNC;Horizontal Synchronization
HT;Hyper-Threading
HT;HyperTransport
HTML;Hypertext Markup Language
HTPC;home theater personal computer
HTTP;Hypertext Transfer Protocol
HUD;heads up display
HW;hardware
Hz;Hertz
IA-32;Intel Architecture 32
IA-64;Intel Architecture 64
IAB;Internet Architecture Board
IAC;Interapplication communications
IAC;In Any Case
IAD;integrated access device
IANA;Internet Assigned Numbers Authority
IAP;Internet access provider
IBG;interblock gap
ICA;integrated communications adapter
ICA;independent computing architecture
Icacl;Integrity control access control list
ICANN;Internet Corporation for Assigned Names and Numbers
ICCCM;Inter-Client Communication Conventions Manual
ICCP;Institute for Certification of Computer Professionals
ICMP;Internet Control Message Protocol
ICO;Initial Coin Offering
ICO;icon
iCOMP;Intel comparative microprocessor performance
ICRA;Internet Content Rating Association
ICS;Internet Connection Sharing
ICT;International Computers and Tabulators
ICT;information and communications technology
ICU;interactive chart utility
ICU;ISA configuration utility
ICU;interface converter unit
ICU;instruction cache unit
IDC;insulation displacement contact
IDE;integrated development environment
IDE;integrated device electronics
IDEA;International Data Encryption Algorithm
IDMS;Integrated Database Management System
IDPS;intrusion detection prevention system
IDS;intrusion detection system
IDSL;integrated services digital network digital subscriber line
IE;Internet Explorer
IEC;International Electrotechnical Commision
IEEE;Institute of Electrical and Electronics Engineers
IEN;Image-Enabled Netware
IEN;Internet Engineering Notes
IEN;Internet Experiment Note
IETF;Internet engineering task force
IF;interactive fiction
IFIP;International Federation for Information Processing
IFTF;Interactive Fiction Technology Foundation
IGES;Initial Graphics Exchange Specification
IGMP;Internet Group Management Protocol
IGP;Interior Gateway Protocol
IHA;Intel Hub Architecture
IIL;integrated injection logic
IIS;Internet Information Server
IM;instant messaging
IM;instant messenger
IM;instant message
IMAP;Internet Message Access Protocol
IMDb;Internet Movie Database
IMEI;International Mobile Equipment Identity
IMSI;International Mobile Subscriber Identity
INC;incorporated
INCITS;International Committee for Information Technology Standards
Inetd;Internet service daemon
Info;information
Inode;index node
Int;integer
INTR;interrupt
I/O;input/output
IOC;input/output controller
IOCCC;Internet Obfuscated C Code Contest
IOPS;input/output operations per second
IOS;Input/Output Supervisor
IOS;Internetworking operating system
IP;Internet Protocol
IP;ingress protection
IP;intellectual property
IPB;illustrated parts breakdown
IPC;instructions per cycle
IPC;interprocess communication
IPD;interpupillary distance
IPF;invalid page fault
IPL;initial program load
IPng;Internet Protocol next generation
IPOS;input, processing, output, and storage
IPOS;IP over Satellite
IP Rating;Ingress Protection Rating
IPS;intrusion prevention system
IPsec;Internet Protocol security
IPTO;Information Processing Technology Office
IPTV;Internet Protocol television
IPv4;Internet Protocol version 4
IPv6;Internet Protocol version 6
IPX/SPX;Internetwork Packet Exchange/Sequenced Packet Exchange
IR;information retrieval
IR;infrared
IRC;Internet Relay Chat
IrDA;Infrared Data Association
IRG;interrecord gap
IRGB;Intensity-Red-Green-Blue
IRQ;interrupt request
IS;Information Systems
IS;Information Services
IS;image stabilization
ISA;Industry Standard Architecture
ISACA;Information System Audit and Control Association
ISAM;indexed sequential access method
ISAPI;Internet Server Application Programming Interface
ISATAP;Intra-Site Automatic Tunnel Addressing Protocol
ISBN;International Standard Book Number
ISDN;Integrated Services Digital Network
ISIS;integrated software for imagers and spectrometers
ISIS;infinitely scalable intelligent storage
ISIS;Image and Scanner Interface Specification
ISO;International Organization for Standardization
ISP;Internet service provider
ISV;independent software vendor
IT;information technology
ITC;International Typeface Corporation
ITIL;Information Technology Infrastructure Library
ITU;International Telecommunication Union
ITX;Information Technology eXtended
JAR;Java archive
Java EE;Java Platform, Enterprise Edition
JCL;job control language
JDBC;Java Database Connectivity
JDK;Java Development Kit
JEDEC;Joint Electron Device Engineering Council
JHTML;Java within HTML
JIL;Java Intermediate Language
JIT;just-in-time
JNI;Java Native Interface
JPEG;Joint Photographic Experts Group
JRE;Java Runtime Environment
JSON;JavaScript Object Notation
JSP;JavaServer Pages
JSR;jump to subroutine
JTAG;Joint Test Action Group
JVM;Java virtual machine
K;kilobit
kb / kbit;kilobit
KB;knowledge base
Kbps;kilobits per second
KDE;K Desktop Environment
kHz;kilohertz
KiB;kibibyte
Kib;kibibit
kilo;one thousand
KVM;Kernel-based Virtual Machine
KVM;keyboard, video, and mouse
L2;level 2 cache
L2P;learn to play
L2TP;Layer 2 Tunneling Protocol
LAME;LAME ain't an MP3 encoder
LAN;local area network
LAPM;Link Access Procedure for Modems
Laser;light amplification by stimulated emission of radiation
LAWN;local area wireless network
LBA;large block addressing
LBS;location-based service
LC;lowercase
LCC;leadless chip carrier
LCD;liquid crystal display
LD;laserdisc
LDAP;Lightweight Directory Access Protocol
LE;Less than or Equal to
LED;light-emitting diode
LED monitor;light-emitting diode
LF;line feed
LFAP;Light-weight Flow Admission Protocol
LFD;Login Failure Daemon
LFN;long file name
LGA;land grid array
LGPL;Lesser General Public License
LH;Loadhigh
LIFO;last in, first out
Li-ion;lithium-ion
LILO;Last In Last Out
Li-polymer;lithium-polymer
LIPS;LInux Phone Standard
LIPS;Linear Inferences Per Second
Lisp;List Processing
LISTSERV;list server
LKGC;last known good configuration
LLC;limited liability company
LLC;Logical Link Control
LMK;let me know
LMS;Learning Management System
LNP;local number portability
LOD;level of detail
LOF;loss of frame
Lo-res / low-res;low-resolution
LOS;Loss of signal
LOS;Line of Sight
LP;long play
LPD;line printer daemon
LPI;lines per inch
LPM;lines per minute
LPS;Library Programs Service
LPT;line printer terminal
LPWAN;low-power wide-area network
LPX;Low Profile eXtension
LQ;letter-quality
LRC;longitudinal redundancy check
LRDIMM;load-reduced dual inline memory module
LRU;line replaceable unit
LSB;least significant bit
LSC;least significant character
LSD;least significant digit
LSP;link state packet
LSP;Layered Service Provider
LTE;Long-Term Evolution
LU;logic unit
Luser;Local user
lvl;level
Lzone;Landing Zone
LZ;Landing Zone
m;milli
M-;meta key
MAC;media access control
MAC;Macintosh
Macro;macroinstruction
MAE;Metropolitan Area Ethernet
mAH;milliamp hour
MAN;manual
MAPI;Message Application Programming Interface
MAPS;Mail Abuse Prevention Systems
MAR;memory address register
Matlab;matrix laboratory
Matrix;Matrix code
MAU;media access unit
Max;maximize
Max;maximum
mb;motherboard
Mb;megabit
MB;megabyte
MBAM;Malwarebytes
MBean;Managed Beans
MBL;microcomputer-based labs
Mbps;megabits per second
MBps;megabytes per second
MBR;master boot record
MC;megacycle
MCA;Micro Channel Architecture
MCGA;multicolor graphics array
MCITP;Microsoft Certified IT Professional
MCSA;Microsoft Certified Systems Administrator
MCSE;Microsoft Certified System Engineer
MDA;Monochrome Display Adapter
MDBMS;Multidimensional Database Management System
MDC;modification detection code
MDF;main distribution frame
MDI;multiple-document interface
MDRAM;Multibank DRAM
Memo;memorandum
MFA;multi-factor authentication
Mflop;megaflop
MFM;Modified Frequency Modulation
MFP;multifunction printer
MFT;Master File Table
Mget;multiple get
MHz;megahertz
Mib;mebibit
MiB;mebibyte
MIB;management information base
MICR;magnetic ink character recognition
Microsoft MVP;Microsoft Most Valuable Professional
MIDI;Musical Instrument Digital Interface
MIME;Multipurpose Internet Mail Extension 
MIMO;multiple-input, multiple-output
Min;minimum
MIN;mobile identification number
MIPS;millions of instructions per second
MIR;mail in rebate
MIS;management information system
MIT;Massachusetts Institute of Technology
MITMA;man-in-the-middle attack
Mkdir;make directory
MMC;MultiMediaCard
MMC;Microsoft Management Console
MMI;man machine interface
MMORPG;massively multiplayer online role playing game
MMS;Multimedia Message Service
MMU;memory management unit
MMX;MultiMedia eXtension
MNP;Microcom Network Protocol
Moblog;mobile blog
Mod;modulo
Model no.;model number
Modem;modulator/demodulator
MO diskette;magneto-optical diskette
Mofo;Mozilla Foundation
MOS;metal-oxide-semiconductor
MOSFET;metal-oxide semiconductor field-effect transistor
MOTD;message of the day
MOV;Metal Oxide Varistor
MPAA;Motion Picture Association of America
MPC;Multimedia Personal Computer
MPEG;Moving Picture Experts Group
MPI;message passing interface
MPLS;Multiprotocol Label Switching
MPP;massively parallel processing
Mput;multiple put
MRP;Materials Requirement Planning
MRU;Maximum Receive Unit
MRUD;Most Recently Used Directory
MS;Microsoft
MS;memory stick
MS;millisecond
MSC;Most Significant Character
MSCS;Microsoft Cluster Server
MSD;Most Significant Digit
MSD;Microsoft Diagnostics
MSDN;Microsoft Developer Network
MS-DOS;Microsoft Disk Operating System
MSDS;material safety data sheet
MSE;Microsoft Security Essentials
MSN;The Microsoft Network
MSP;Management Service Provider
MSRP;Manufacturer's Suggested Retail Price
MSVC;Microsoft Visual C++
MTA;mail transfer agent
MTBF;mean time between failure
MTU;maximum transmission unit
MUD;multi-user dungeon
MUI;multi-user interface
MUT;MultiUser Talk
Mutex;mutual exclusion object
MVNO;mobile virtual network operator
MVP;most valuable player
MVS;multiple virtual storage
MX record;Mail eXchange record
NAK;negative acknowledgment
NAS;network access server
NAS;network-attached storage
NAT;Network Address Translation
NCP;Network Control Protocol
NCP;NetWare Core Protocol
NCSA;National Center for Supercomputing Applications
NCSC;National Cybersecurity Center
NDA;non-disclosure agreement
NDAS;Network Direct Attached Storage
NDIS;network driver interface specification
NDR;non-active, dormant, to be removed
NDR;network data representation
NDR;non-destructive readout
NDRO;non-destructive readout
ne;not equal
NEC;Nippon Electronics Company
NEM;New Economic Movement
Net;network
NetBEUI;NetBIOS Enhanced User Interface
NetBIOS;Network Basic Input/Output System
NFC;near-field communication
NFR;Not For Resell
NFS;network file system
NG;newsgroup
NIC;network interface card
NIDS;network intrusion detection system
NII;National Information Infrastructure
NiMH;nickel-metal hydride
Nimrod;National Institute Machine Radiating On Downs
NIP;non-impact printer
NIT;Network Information Table
NLP;natural language processing
NLQ;near letter-quality
NLS;online system
NLX;New Low Profile Extended
nm;nanometer
NMI;nonmaskable interrupt
NMS;network management system
NN;NOT NULL
NNTP;Network News Transfer Protocol
NO-OP;no operatation
NOR;Not-Or
NOS;network operating system
NPAPI;Netscape Plugin Application Programming Interface
NPC;NP-Complete
NPC;non-printing character
NPC;non-playable character
NRZ;non-return-to-zero
ns;nanosecond
NSAP;Network Service Access Point
NSFNET;National Science Foundation Network
NSP;news service provider
NSP;network service provider
NSP;Name Server Protocol
NSPA;Network Service Point Address
NSSN;National Standards Systems Network
NTFS;NTFS file system
NTLDR;NT loader
NTP;Network Time Protocol
NTSC;National Television System Committee
NTWY;noteworthy
NUC;Next Unit of Computing
Num;number
NVRAM;non-volatile random-access memory
NWAM;Network Auto Magic
OA;office automation
OBJ;object
OCR;optical character recognition
OCTAVE;operationally critical threat, asset, and vulnerability evaluation
ODBC;Open Database Connectivity
ODI;Open Data-Link Interface
ODP;OverDrive Processor
ODPR;OverDrive Processor Replacement
OEM;original equipment manufacturer
OHCI;Open Host Controller Inferface
OID;object identifier
OIN;Open Invention Network
OLAP;online analytical processing
OLE;Object Linking and Embedding
OLED;organic light-emitting diode
OLPC;one laptop per child
OLTP;online transaction processing
OMR;optical mark reading
OO;object-oriented or OpenOffice
OOF;out of office
OOP;object-oriented programming
OP;operator
OP;original poster
OP;overpowered
OP;operation
Open;open source
OpenAL;Open Audio Library
OpenGL;Open Graphics Library
OR;operations research
OR;OR operator
OS;operating system
OSD;open source definition
OSD;object-based storage device
OSD;on-screen display
OSF;Open Software Foundation
OSHA;Occupational Safety and Health Administration
OSI;Open Systems Interconnection
OSI;Open-Source Initiative
OSK;on-screen keyboard
OSPF;open shortest path first
OSRI;operating system reinstall
OSS;open-source software
OTP;one-time password
OTP;one-time programmable
OTP;on the phone
OVR;overtype mode
P2W;pay-to-win
PaaS;Platform as a Service
PAD;packet assembler/disassembler
PAE;Physical Address Extension
PARC;Palo Alto Research Center
Parm;parameter
PATA;Parallel AT Attachment
Pb;petabit
PB;Packard Bell
PB;petabyte
PBX;private branch exchange
PBX;private branch extension
PC;personal computer
PCB;printed circuit board
PC-DOS;Personal Computer Disk operating system
PCI;Peripheral Component Interconnect
PCIe;PCI Express
PCI-X;Peripheral Component Interconnect Extended
PCL;printer command language
PCM;pulse-code modulation
PCMCIA;Personal Computer Memory Card International Association
P-code;pseudocode
P-code;packed code
PDA;personal digital assistant
PDC;Primary Domain Controller
PDF;Portable Document Format
PDL;page-description layer
PDP;Programmed Data Processor
PDU;protocol data unit
PEAR;PHP Extension and Application Repository
PEGI;Pan-European game information
PEP;Packet Ensemble Protocol
Permalink;permanent link
PET;Personal Electronic Transactor
PGA;Professional Golf Association
PGA;Professional Graphics Adapter
PGA;pin grid array
Pg Dn;page down
PGP;Pretty Good Privacy
Pg Up;page up
PHP;Hypertext Preprocessor
Pic;picture
PICO;PIne COmposer
PICS;Platform for Internet Content Selection
PID;product identification
PID;process identifier
PIF;program information file
PII;Pentium 2
PII;personally identifiable information
PIIX;PCI IDE Xcelerator
PIM;personal information management
PIM;Protocol Independent Multicast
PIN;personal identification number
PIO;programmed input/output
PL;power leveling
PLCC;plastic leaded chip carrier
PLED;Power LED
Plus;Microsoft Plus!
PM;polarization maintaining
PM;post meridiem
PM;preventive maintenance
PM;Presentation Manager
PM;personal message
PM;power management
PM;private message
P-machine;pseudomachine
PMF;polarization maintaining fiber
PMS;Pantone Matching System
PN;part number
PNG;Portable Network Graphics
PnP;Plug and Play
POD;plain old documentation
POE;point of entry
POE;Power over Ethernet
POP;Post Office Protocol
PoS;Proof-of-Stake
POS;packet over SONET
POSIX;Portable operating system interface for Unix
POST;power-on self-text
POTS;plain old telephone system
POV;point of view
PoW;Proof-of-Work
PPC;pay per click
PPGA;Plastic Pin Grid Array
PPI;pixels per inch
PPM;pages per minute
PPP;Point-to-Point Protocol
PPPoE;Point-to-Point Protocol over Ethernet
PPS;Privacy Policy Statement
PPT;PowerPoint
PPTP;Point-to-Point Tunnel Protocol
PR;press release
PR;Pagerank
PRAM;Parameter RAM
Printf;print formatted
PRISM;Synchronization
PRISM;Planning Tool for Resource Integration, and Management
Privmsg;Private Message
PRN;printer
Proglog;progress log
Prolog;Programming in Logic
PROM;programmable read-only memory
PrtScrn;Print Screen key
PS;power supply
PS;PowerShell
PS;print screen
PS/2;Personal System/2
PS2;PlayStation 2
PS3;PlayStation 3
PS4;PlayStation 4
PSAT;Preliminary Scholastic Assessment Test
PSD;Photoshop Document
PSoC;programmable system on a chip
PSP;Paint Shop Pro
PSP;Python Server Pages
PSP;PlayStation Portable
PSR;Problem Steps Recorder
PST;Personal Store
PST;Pacific Standard Time
PSTN;public switched telephone network
PSU;power supply unit
PTR;Public Test Realm
PTS;pseudoterminal slave
PTY;pseudoterminal
PU;physical unit
PUBG;PlayerUnknown's Battlegrounds
PUG;pickup group
PVE;Player vs. Environment
PVP;Player vs. Player
PVR;personal video recorder
PW;password
PWA;progressive web application
PWD;password
PWD;print working directory
PWS;Personal Web Server
Px;pixel
PXE;preboot execution environment
PXI;PCI extensions for instrumentation
Q&A;questions and answers
QA;quality assurance
QAM;quadrature amplitude modulation
QBE;query by example
QHD;Quad High Definition
QIC;quarter-inch cartridge
QLED;quantum-dot light emitting diode
QMAC;Quad Media Access Controller
QnA;questions and answers
QoS;quality of service
QPSK;quadrature phase shift keying
QR Code;Quick Response Code
QSXGA;Quad Super Extended Graphics Array
RAD;rapid application development
RADIUS;Remote Authentication Dial-in User Service
RADSL;rate-adaptive DSL
RAID;redundant array of independent disks
RAM;random access memory
RAMAC;random-access method of accounting and control
RAP;Route Access Protocol
RAR;Roshal Archive
RARP;Reverse Address Resolution Protocol
RAS;Remote Access Service
RAS;row access strobe
RAS;row address select
RAS;remote access server
RAT;Remote Access Trojan
RBAC;role-based access control
RBL;real-time blackhole list
RC;remote connection
RC;remote control
RC;run commands
RC;release candidate
RCE;Reverse Code Engineering
RCE;Regional Coding Enhancement
RCE;Remote Code Execution
RCS;revision control system
RDBMS;relational database management system
RDF;Resource Description Framework
RDMS;report distribution management system
RDP;Remote Desktop Protocol
RDRAM;Rambus Dynamic Random Access Memory
Rec.;receive
REC;Record
ReFS;Resilient File System
Regex;regular expression
Rel;release
REM;remark
REPL;read-eval-print loop
RF;radio frequency
RFC;Request for Comments
RFI;request for information
RFI;Radio Frequency Interference
RFID;radio frequency identification
RF shielding;radio frequency shielding
RGB;red-green-blue
RHCE;Red Hat Certified Engineer
RIAA;Recording Industry Association of America
RIP;Routing Information Protocol
RIP;raster image process
RIP;raster image processor
RIPE notes;Reseaux IP Europeens notes
RISC;reduced instruction set computer
RJ-45;Registered Jack-45
RLE;run-length encoding
RLL encoding;run-length limited encoding
RLP;resource location protocol
RMA;return materials authorization
RMS;root mean square
ROM;read-only memory
ROM BIOS;read-only memory basic input/output system
RO terminal;read-only terminal
RPC;remote procedure call
RPG;raster pattern generator
RPG;report program generator
RPG;role playing game
RPM;revolutions per minute
RPM;Red Hat Package Manager
RRAS;routing and remote access service
RRD;removable rigid disk
RS-449;Recommended Standard-449
RSAC;Recreational Software Advisory Council
RSAT;remote server administration tools
RSAT;regulatory sequence analysis tools
RSL;Rambus signaling level
RSS;Relay Spam Stopper
RSS;Really Simple Syndication
RT;real-time
RT;retweet
RTC;real-time clock
RTF;Rich Text Format
RTOS;Real-time Operating System
RTR;RARE technical report
RTS;Request to Send
RTS;real-time strategy
RTSP;Real Time Streaming Protocol
RTTTL;Ringing Tone Text Transfer Language
RVR;realm vs. realm
RWD;responsive web design
RXD;received data
S2R;send to receive
SaaS;Software as a Service
SACD;Super Audio CD
SAN;storage area network
SANE;Standard Apple Numeric Environment
SAS;Standalone Server
SAS;Serial Attached SCSI
SATA;Serial AT Attachment
SATAN;Security Administrator Tool for Analyzing Networks
SBE;Small Business Edition
SC;Supercomputing Conference
SC;StarCraft
SC;Service Controller
SCA;Single Connector Attachment
Scanf;scan formatted
SCC;Serial Communications Controller
SCCM;system center configuration manager
SCOM;System Center Operations Manager
ScrLk;Scroll Lock key
SCSI;small computer system interface
SD;standard definition
SD;single-density diskette
SD;single-sided diskette
SD;Secure Digital
SDDL;Security Descriptor Definition Language
SDHC card;Secure Digital High Capacity card
SDK;software development kit
SDLC;synchronous data link control
SDLC;systems development life cycle
SDLT;super digital linear tape
SDRAM;synchronous DRAM
SDSL;symmetrical DSL
SDU;service data unit
SE;search engine
SE;second edition
SEA;self-extracting archive
SECC;single edge contact cartridge
SELinux;Security-Enhanced Linux
SEO;search engine optimization
Serial no.;serial number
SERP;search engine results page
Servlet;Java servlet
SETI;Search for Extraterrestrial Intelligence
Setuid;set user ID on execution
Sexp;s-expression
SFF;small form factor
SFTP;Secure File Transfer Protocol
SFTP;SSH File Transfer Protocol
SFW;safe for work
SFX;sound effects
SFX;special effects
SGD;speech-generating device
SGML;Standard Generalized Markup Language
SHV connector;safe high-voltage connector
Sig;signature
SIGINT;signal interrupt
SIGINT;Signals Intelligence
Sim;simulation
SIM card;Subscriber Identity Module card
SIMD;single instruction, multiple data
SIMM;single inline memory module
SIO;super input/output
SIP;single in-line package
SLA;service-level agreement
SLA;sealed lead-acid
SLI;Scalable Link Interface
SLIP;Serial Line Internet Protocol
Slogin;secure login
Slotket;socket adapter
SLSI;super-large scale integration
SMAR;source memory address register
SMART;Self-Monitoring Analysis and Reporting Technology
SMB;system management bus
SMB;server message block
SMBus;System Management Bus
SM card;SmartMedia card
SMI;Simple Mail Interface
SMI;System Management Interrupt
SMIL;Synchronized Multimedia Integration Language
SMM;System Management Mode
SMP;symmetric multiprocessing
SMPS;switched-mode power supply
SMRAM;System Management RAM
SMS;system management server
SMS;storage management subsystem
SMS;short message service
SMT;Surface-mount Technology
SMTP;Simple Mail Transfer Protocol
SNA;Systems Network Architecture
SNMP;Simple Network Management Protocol
SOA;service-oriented architecture
SOA;start of authority
SOAP;Simple Object Access Protocol
SoC;system on a chip
SO-DIMM;small outline dual in-line memory module
SOHO;small office/home office
SOI;silicon on insulator
SOL;Solitaire
SONET;synchronous optical networking
SOP;super operator
Source;source code
SP;spelling
SPARC;Scalar Processor Architecture
SPD;Serial Presence Detection
S/PDIF;Sony and Phillips Digital Interconnect Format
Spec;specification
SPI;system packet interface
SPI;stateful packet inspection
SPI;serial peripheral interface
SPIM;spam over instant message
Spit;Spam over Internet Telephony
SPL;systems programming language
splogs;spam blogs
Spool;simultaneous peripheral operatings online
SPP;Standard Parallel Port
SPS;Standard Power Supply
SQL;Structured Query Language
SRAM;static random access memory
SS;screenshot, South Sudan
SSAP;Source Service Access Point
SSD;solid-state drive
SSE;Streaming SIMD Extensions
SSEM;Small Scale Experimental Machine
SSI;small-scale integration
SSID;service set identifier
SSL;Secure Sockets Layer
SSL;Space Sciences Laboratory
SSP;storage service provider
SSR;solid-state relay
SSTP;Secure Socket Tunneling Protocol
Stdin;standard input
STM;Synchronous Transport Module
STN;supertwisted nematic
STP;software test plan
STP;shielded twisted pair
STP;Spanning Tree Protocol
STR;Suspend-to-RAM
STS;synchronous transport signal
Sub;subscript
Subnet;subnetwork mask
SUID;set user ID
Sup;superscript
SVCD;Super Video CD
SVGA;Super Video Graphics Array
S-Video;Super Video
SW;software
SXGA;Super Extended Graphics Array
SXGA+;Super XGA Plus
SYN;synchronize
sync;synchronize
synth;synthesizer
sysgen;system generation
syslog;system log
sysop;system operator
sysrq;system request
TA;terminal adapter
Ta;Tantalum
TACACS;Terminal Access Controller Access Control System
TAPI;Telephony Application Programming Interface
TAR;tape archive
TCO;total cost of ownership
TCPA;Trusted Computer Platform Alliance
TCP/IP;Transmission Control Protocol/Internet Protocol
TD;table data
TDD;telecommunications device for the deaf
TDP;thermal design power
Tech;technology
Telco line;telecommunications line
TERA;The Exiled Ream of Arborea
TET;text enhancement technology
Texel;texture element
TFTP;Trivial File Transfer Protocol
TH;table head
THD;total harmonic distortion
Ti;Tebi
Ti;Titanium
Ti;Textas Instruments
TIFF;Tagged Image File Format
TIGA;Texas Instruments Graphics Architecture
Tk;toolkit
TLD;top-level domain
TLP;thread-level parallelism
TLS;Transport Layer Security
TM;trademark
TN;twisted nematic
TOF;top of file
TOPS;transparent operating system
Tor;The Onion Router
TOS;type of service
TOS;terms of use
TOS;terms of service
TOS;tape operating system
TPI;tracks per inch
TPM;Trusted Platform Module
TP-PMD;Twisted-Pair Physical Medium Dependant
TR;technical report
Transistor;transfer resistance
Triple DEA;Tripple Data Encryption Algorithm
TRS;Telecommunications Relay Service
TSR;terminate-and-stay-resident
TT;Turing test
TTFB;time to first byte
TTL;transistor-transistor logic
TTS;text-to-speech
TTY;teletypewriter
TTY;teletype
TV;television
TXD;trasmit data
UA;user agent
UAC;User Account Control
Uarch;microarchitecture
UART;Universal Asynchronous Receiver-Transmitter
UBCD;Ultimate Boot CD
UC;uppercase
UCE;unsolicited commercial e-mail
UDF;user-defined function
UDF;user-defined font
UDF;Universal Disk Format
UDID;Unique Device Identification
UDMA;Ultra Direct Memory Access
UDP;User Datagram Protocol
UDSL;unidirectional DSL
UEFI;Unified Extensible Firmware Interface
UHCI;Universal Host Controller Interface
UHD;Ultra High Definition
UI;user interface
U/L;upload
UL;uplink
UL;upload
UL;unordered list
ULSI;Ultra Large Scale Integration
UMA;Upper Memory Area
UMB;upper memory block
UNIVAC;Universal Automatic Computer
UPC;universal product code
UPI;User Program Interface
UPnP;Universal Plug and Play
UPS;uninterruptible power supply
URC;Uniform Resource Characteristic
URI;Uniform Resource Identifier
URL;Uniform Resource Locator
URN;Uniform Resource Name
USB;universal serial bus
USMT;User State Migration Tool
USP;unique selling point
USR;user
USRT;Universal Synchronous Receiver-Transmitter
USWC;uncachable speculative write combining
UT;Universal Time
UTC;Coordinated Universal Time
UTF;Unicode Transformation Format
UTM;Urchin Tracking Module
UTM;universal Turing machine
UTM;Unified Threat Management
UTP;unshielded twisted pair cable
Uuencode;Unix-to-Unix encode
UUID;universal unique identifier
UV;ultraviolet
UWIN;University of Washington Information Navigator
UX;user experience
UXGA;Ultra Extended Graphics Array
VA;virtual address
VAC;Valve Anti-Cheat
VADSL;very high bit rate asymmetric digital subscriber line
VAN;value-added network
VAR;value-added reseller
VB;Visual Basic
VBR;variable bitrate
VBScript;Microsoft Visual Basic Scripting Edition
VBV;video buffering verifier
VC;version control
VC;virtual circuit
VC;videoconferencing
VC;venture capital
VCEG;Video Coding Experts Group
VCEG;Visual Coding Experts Group
VCI;virtual circuit identifier
VCPI;virtual control program interface
VCR;video cassette recorder
VDC;voltage direct current
VDD;virtual device driver, virtual disk drive
VDSL;very high data rate DSL
VDU;visual display unit
Ver;Version
Veronica;Very Easy Rodent-Oriented Net-wide Index to Computer Archives
VESA;Video Electronics Standard Association
VGA;Video Graphics Array
VGA;Video Graphics Adapter
VHDL;VHSIC Hardware Description Language 
VHF;very high frequency
Vhost;virtual host
VHS;Video Home System
VIM;Vendor Independent Messaging
VIP;very important person
VLAN;virtual local area network
VLB;Vesa Local Bus
VL Bus;Vesa Local Bus
VLC;VideoLAN
VLSI;very-large-scale integration
VM;voicemail
VM;virtual memory
VM;virtual machine
VMEbus;Versa Module Eurocard bus
VMM;Virtual Machine Manager
VMM;Virtual Machine Monitor
VMS;virtual memory system
VMS;voicemail system
VNC;Virtual Network Computing
VOD;video on demand
VoIP;Voice over Internet Protocol
VoMM;eVade o' Matic Module
VPN;virtual private network
VPS;virtual private server
VR;virtual reality
VRAM;video random access memory
VRLA;valve-regulated lead-acid
VRM;voltage regulator module
VRML;Virtual Reality Modeling Language
Vs;versus
Vs;Visual Studio
VSAM;virtual storage access method
VTuber;Virtual YouTuber
W;width
W3C;World Wide Web Consortium
WAIS;Wide Area Information Server
WAN;wide area network
WAP;wireless access point
WARP;Warning, Advice and Reporting Point
WBEM;Web-based Enterprise Management
WCDMA;Wideband Code Division Multiple Access
WCN;Windows Connect Now
WD;working draft
WD;working directory
WD;Western Digital
WDF;Window Driver Foundation
Web app;web application
WEP;Wired Equivalent Privacy
WFM;Wired for Management
WFP;Windows File Protection
WGA;Windows Genuine Advantage
WiMAX;Worldwide Interoperability for Microwave Access
Windows PE;Windows Pre-install Environment
Winsock;Windows socket
WISP;wireless Internet service provider
WMF;Windows metafile format
WMI;Windows Management Instrumentation
WML;Website META Language
WML;Wireless Markup Language
WOL;Wake-on-LAN
WOW;Windows on Windows
WP;WordPress
WP;word processor
Wpcomp;write pre-comp
Wpcomp;word processing competency
WQXGA;Wide Quad Extended Graphics Array
WRAM;Windows RAM
WSXGA;Widescreen Super eXtended Graphics Array
WWW;World Wide Web
WYSIWYG;what you see is what you get
WYSIWYP;what you see is what you print
X;X Window System
X11;X Window System
XDF;extended density format
XGA;Extended Graphics Array
XHTML;Extensible Hypertext markup Language
XML;Extensible Markup Language
XMPP;Extensible Messaging and Presence Protocol
XMS;extended memory specification
XPM;XP mode
XSL;Extensible Stylesheet Language
XSLT;Extensible Stylesheet Language Transformations
XSS;cross-site scripting
XT;extended technology
